name,details,colorway,style,moreBenefits,price
Small Cotton Tuna,Ergonomic executive chair upholstered in bonded black leather and PVC padded seat and back for all-day comfort and support,indigo,Concrete,The beautiful range of Apple Naturalé that has an exciting mix of natural ingredients. With the Goodness of 100% Natural Ingredients,872.00
Incredible Metal Ball,"Boston's most advanced compression wear technology increases muscle oxygenation, stabilizes active muscles",indigo,Metal,The slim & simple Maple Gaming Keyboard from Dev Byte comes with a sleek body and 7- Color RGB LED Back-lighting for smart functionality,367.00
Generic Steel Towels,"The automobile layout consists of a front-engine design, with transaxle-type transmissions mounted at the rear of the engine and four wheel drive",sky blue,Frozen,The slim & simple Maple Gaming Keyboard from Dev Byte comes with a sleek body and 7- Color RGB LED Back-lighting for smart functionality,573.00
Ergonomic Soft Chips,"The Apollotech B340 is an affordable wireless mouse with reliable connectivity, 12 months battery life and modern design",gold,Soft,"Andy shoes are designed to keeping in mind durability as well as trends, the most stylish range of shoes & sandals",390.00
Incredible Granite Shirt,"The Apollotech B340 is an affordable wireless mouse with reliable connectivity, 12 months battery life and modern design",silver,Wooden,"Andy shoes are designed to keeping in mind durability as well as trends, the most stylish range of shoes & sandals",475.00
Intelligent Soft Keyboard,"The Apollotech B340 is an affordable wireless mouse with reliable connectivity, 12 months battery life and modern design",green,Frozen,"Boston's most advanced compression wear technology increases muscle oxygenation, stabilizes active muscles",100.00
Ergonomic Rubber Car,The beautiful range of Apple Naturalé that has an exciting mix of natural ingredients. With the Goodness of 100% Natural Ingredients,teal,Frozen,"The automobile layout consists of a front-engine design, with transaxle-type transmissions mounted at the rear of the engine and four wheel drive",282.00
Ergonomic Fresh Mouse,"The Apollotech B340 is an affordable wireless mouse with reliable connectivity, 12 months battery life and modern design",azure,Soft,The slim & simple Maple Gaming Keyboard from Dev Byte comes with a sleek body and 7- Color RGB LED Back-lighting for smart functionality,443.00
Rustic Wooden Chicken,The Football Is Good For Training And Recreational Purposes,olive,Cotton,"The automobile layout consists of a front-engine design, with transaxle-type transmissions mounted at the rear of the engine and four wheel drive",562.00
Awesome Concrete Computer,"Andy shoes are designed to keeping in mind durability as well as trends, the most stylish range of shoes & sandals",maroon,Fresh,"The Apollotech B340 is an affordable wireless mouse with reliable connectivity, 12 months battery life and modern design",548.00
